{"v":"5.6.1","fr":30,"ip":0,"op":46,"w":512,"h":512,"nm":"marked_logo_lottie","ddd":0,"assets":[],"layers":[{"ddd":0,"ind":1,"ty":4,"nm":"Shape Layer 8","sr":1,"ks":{"o":{"a":0,"k":100,"ix":11},"r":{"a":0,"k":360,"ix":10},"p":{"a":0,"k":[256,256,0],"ix":2},"a":{"a":0,"k":[-59.497,154.7,0],"ix":1},"s":{"a":0,"k":[100,100,100],"ix":6}},"ao":0,"shapes":[{"ty":"gr","it":[{"ind":0,"ty":"sh","ix":1,"ks":{"a":0,"k":{"i":[[0,0],[0,0]],"o":[[0,0],[0,0]],"v":[[-2,162],[73,162]],"c":false},"ix":2},"nm":"Path 1","mn":"ADBE Vector Shape - Group","hd":false},{"ty":"st","c":{"a":0,"k":[0.188235294118,0.603921568627,0.603921568627,1],"ix":3},"o":{"a":0,"k":100,"ix":4},"w":{"a":0,"k":11,"ix":5},"lc":2,"lj":1,"ml":4,"bm":0,"nm":"Stroke 1","mn":"ADBE Vector Graphic - Stroke","hd":false},{"ty":"tr","p":{"a":0,"k":[0,0],"ix":2},"a":{"a":0,"k":[0,0],"ix":1},"s":{"a":0,"k":[100,100],"ix":3},"r":{"a":0,"k":0,"ix":6},"o":{"a":0,"k":100,"ix":7},"sk":{"a":0,"k":0,"ix":4},"sa":{"a":0,"k":0,"ix":5},"nm":"Transform"}],"nm":"Shape 1","np":3,"cix":2,"bm":0,"ix":1,"mn":"ADBE Vector Group","hd":false},{"ty":"tm","s":{"a":1,"k":[{"i":{"x":[0],"y":[1]},"o":{"x":[0.333],"y":[0]},"t":31,"s":[0],"e":[100]},{"t":41}],"ix":1},"e":{"a":1,"k":[{"i":{"x":[0.667],"y":[1]},"o":{"x":[0.333],"y":[0]},"t":31,"s":[0],"e":[100]},{"t":45}],"ix":2},"o":{"a":0,"k":0,"ix":3},"m":1,"ix":2,"nm":"Trim Paths 1","mn":"ADBE Vector Filter - Trim","hd":false}],"ip":31,"op":46,"st":31,"bm":0},{"ddd":0,"ind":2,"ty":4,"nm":"Shape Layer 7","sr":1,"ks":{"o":{"a":0,"k":100,"ix":11},"r":{"a":0,"k":315,"ix":10},"p":{"a":0,"k":[256,256,0],"ix":2},"a":{"a":0,"k":[-59.497,154.7,0],"ix":1},"s":{"a":0,"k":[100,100,100],"ix":6}},"ao":0,"shapes":[{"ty":"gr","it":[{"ind":0,"ty":"sh","ix":1,"ks":{"a":0,"k":{"i":[[0,0],[0,0]],"o":[[0,0],[0,0]],"v":[[-2,162],[73,162]],"c":false},"ix":2},"nm":"Path 1","mn":"ADBE Vector Shape - Group","hd":false},{"ty":"st","c":{"a":0,"k":[0.188235294118,0.603921568627,0.603921568627,1],"ix":3},"o":{"a":0,"k":100,"ix":4},"w":{"a":0,"k":11,"ix":5},"lc":2,"lj":1,"ml":4,"bm":0,"nm":"Stroke 1","mn":"ADBE Vector Graphic - Stroke","hd":false},{"ty":"tr","p":{"a":0,"k":[0,0],"ix":2},"a":{"a":0,"k":[0,0],"ix":1},"s":{"a":0,"k":[100,100],"ix":3},"r":{"a":0,"k":0,"ix":6},"o":{"a":0,"k":100,"ix":7},"sk":{"a":0,"k":0,"ix":4},"sa":{"a":0,"k":0,"ix":5},"nm":"Transform"}],"nm":"Shape 1","np":3,"cix":2,"bm":0,"ix":1,"mn":"ADBE Vector Group","hd":false},{"ty":"tm","s":{"a":1,"k":[{"i":{"x":[0],"y":[1]},"o":{"x":[0.333],"y":[0]},"t":31,"s":[0],"e":[100]},{"t":41}],"ix":1},"e":{"a":1,"k":[{"i":{"x":[0.667],"y":[1]},"o":{"x":[0.333],"y":[0]},"t":31,"s":[0],"e":[100]},{"t":45}],"ix":2},"o":{"a":0,"k":0,"ix":3},"m":1,"ix":2,"nm":"Trim Paths 1","mn":"ADBE Vector Filter - Trim","hd":false}],"ip":31,"op":46,"st":31,"bm":0},{"ddd":0,"ind":3,"ty":4,"nm":"Shape Layer 6","sr":1,"ks":{"o":{"a":0,"k":100,"ix":11},"r":{"a":0,"k":270,"ix":10},"p":{"a":0,"k":[256,256,0],"ix":2},"a":{"a":0,"k":[-59.497,154.7,0],"ix":1},"s":{"a":0,"k":[100,100,100],"ix":6}},"ao":0,"shapes":[{"ty":"gr","it":[{"ind":0,"ty":"sh","ix":1,"ks":{"a":0,"k":{"i":[[0,0],[0,0]],"o":[[0,0],[0,0]],"v":[[-2,162],[73,162]],"c":false},"ix":2},"nm":"Path 1","mn":"ADBE Vector Shape - Group","hd":false},{"ty":"st","c":{"a":0,"k":[0.188235294118,0.603921568627,0.603921568627,1],"ix":3},"o":{"a":0,"k":100,"ix":4},"w":{"a":0,"k":11,"ix":5},"lc":2,"lj":1,"ml":4,"bm":0,"nm":"Stroke 1","mn":"ADBE Vector Graphic - Stroke","hd":false},{"ty":"tr","p":{"a":0,"k":[0,0],"ix":2},"a":{"a":0,"k":[0,0],"ix":1},"s":{"a":0,"k":[100,100],"ix":3},"r":{"a":0,"k":0,"ix":6},"o":{"a":0,"k":100,"ix":7},"sk":{"a":0,"k":0,"ix":4},"sa":{"a":0,"k":0,"ix":5},"nm":"Transform"}],"nm":"Shape 1","np":3,"cix":2,"bm":0,"ix":1,"mn":"ADBE Vector Group","hd":false},{"ty":"tm","s":{"a":1,"k":[{"i":{"x":[0],"y":[1]},"o":{"x":[0.333],"y":[0]},"t":31,"s":[0],"e":[100]},{"t":41}],"ix":1},"e":{"a":1,"k":[{"i":{"x":[0.667],"y":[1]},"o":{"x":[0.333],"y":[0]},"t":31,"s":[0],"e":[100]},{"t":45}],"ix":2},"o":{"a":0,"k":0,"ix":3},"m":1,"ix":2,"nm":"Trim Paths 1","mn":"ADBE Vector Filter - Trim","hd":false}],"ip":31,"op":46,"st":31,"bm":0},{"ddd":0,"ind":4,"ty":4,"nm":"Shape Layer 5","sr":1,"ks":{"o":{"a":0,"k":100,"ix":11},"r":{"a":0,"k":225,"ix":10},"p":{"a":0,"k":[256,256,0],"ix":2},"a":{"a":0,"k":[-59.497,154.7,0],"ix":1},"s":{"a":0,"k":[100,100,100],"ix":6}},"ao":0,"shapes":[{"ty":"gr","it":[{"ind":0,"ty":"sh","ix":1,"ks":{"a":0,"k":{"i":[[0,0],[0,0]],"o":[[0,0],[0,0]],"v":[[-2,162],[73,162]],"c":false},"ix":2},"nm":"Path 1","mn":"ADBE Vector Shape - Group","hd":false},{"ty":"st","c":{"a":0,"k":[0.188235294118,0.603921568627,0.603921568627,1],"ix":3},"o":{"a":0,"k":100,"ix":4},"w":{"a":0,"k":11,"ix":5},"lc":2,"lj":1,"ml":4,"bm":0,"nm":"Stroke 1","mn":"ADBE Vector Graphic - Stroke","hd":false},{"ty":"tr","p":{"a":0,"k":[0,0],"ix":2},"a":{"a":0,"k":[0,0],"ix":1},"s":{"a":0,"k":[100,100],"ix":3},"r":{"a":0,"k":0,"ix":6},"o":{"a":0,"k":100,"ix":7},"sk":{"a":0,"k":0,"ix":4},"sa":{"a":0,"k":0,"ix":5},"nm":"Transform"}],"nm":"Shape 1","np":3,"cix":2,"bm":0,"ix":1,"mn":"ADBE Vector Group","hd":false},{"ty":"tm","s":{"a":1,"k":[{"i":{"x":[0],"y":[1]},"o":{"x":[0.333],"y":[0]},"t":31,"s":[0],"e":[100]},{"t":41}],"ix":1},"e":{"a":1,"k":[{"i":{"x":[0.667],"y":[1]},"o":{"x":[0.333],"y":[0]},"t":31,"s":[0],"e":[100]},{"t":45}],"ix":2},"o":{"a":0,"k":0,"ix":3},"m":1,"ix":2,"nm":"Trim Paths 1","mn":"ADBE Vector Filter - Trim","hd":false}],"ip":31,"op":46,"st":31,"bm":0},{"ddd":0,"ind":5,"ty":4,"nm":"Shape Layer 4","sr":1,"ks":{"o":{"a":0,"k":100,"ix":11},"r":{"a":0,"k":180,"ix":10},"p":{"a":0,"k":[256,256,0],"ix":2},"a":{"a":0,"k":[-59.497,154.7,0],"ix":1},"s":{"a":0,"k":[100,100,100],"ix":6}},"ao":0,"shapes":[{"ty":"gr","it":[{"ind":0,"ty":"sh","ix":1,"ks":{"a":0,"k":{"i":[[0,0],[0,0]],"o":[[0,0],[0,0]],"v":[[-2,162],[73,162]],"c":false},"ix":2},"nm":"Path 1","mn":"ADBE Vector Shape - Group","hd":false},{"ty":"st","c":{"a":0,"k":[0.188235294118,0.603921568627,0.603921568627,1],"ix":3},"o":{"a":0,"k":100,"ix":4},"w":{"a":0,"k":11,"ix":5},"lc":2,"lj":1,"ml":4,"bm":0,"nm":"Stroke 1","mn":"ADBE Vector Graphic - Stroke","hd":false},{"ty":"tr","p":{"a":0,"k":[0,0],"ix":2},"a":{"a":0,"k":[0,0],"ix":1},"s":{"a":0,"k":[100,100],"ix":3},"r":{"a":0,"k":0,"ix":6},"o":{"a":0,"k":100,"ix":7},"sk":{"a":0,"k":0,"ix":4},"sa":{"a":0,"k":0,"ix":5},"nm":"Transform"}],"nm":"Shape 1","np":3,"cix":2,"bm":0,"ix":1,"mn":"ADBE Vector Group","hd":false},{"ty":"tm","s":{"a":1,"k":[{"i":{"x":[0],"y":[1]},"o":{"x":[0.333],"y":[0]},"t":31,"s":[0],"e":[100]},{"t":41}],"ix":1},"e":{"a":1,"k":[{"i":{"x":[0.667],"y":[1]},"o":{"x":[0.333],"y":[0]},"t":31,"s":[0],"e":[100]},{"t":45}],"ix":2},"o":{"a":0,"k":0,"ix":3},"m":1,"ix":2,"nm":"Trim Paths 1","mn":"ADBE Vector Filter - Trim","hd":false}],"ip":31,"op":46,"st":31,"bm":0},{"ddd":0,"ind":6,"ty":4,"nm":"Shape Layer 3","sr":1,"ks":{"o":{"a":0,"k":100,"ix":11},"r":{"a":0,"k":135,"ix":10},"p":{"a":0,"k":[256,256,0],"ix":2},"a":{"a":0,"k":[-59.497,154.7,0],"ix":1},"s":{"a":0,"k":[100,100,100],"ix":6}},"ao":0,"shapes":[{"ty":"gr","it":[{"ind":0,"ty":"sh","ix":1,"ks":{"a":0,"k":{"i":[[0,0],[0,0]],"o":[[0,0],[0,0]],"v":[[-2,162],[73,162]],"c":false},"ix":2},"nm":"Path 1","mn":"ADBE Vector Shape - Group","hd":false},{"ty":"st","c":{"a":0,"k":[0.188235294118,0.603921568627,0.603921568627,1],"ix":3},"o":{"a":0,"k":100,"ix":4},"w":{"a":0,"k":11,"ix":5},"lc":2,"lj":1,"ml":4,"bm":0,"nm":"Stroke 1","mn":"ADBE Vector Graphic - Stroke","hd":false},{"ty":"tr","p":{"a":0,"k":[0,0],"ix":2},"a":{"a":0,"k":[0,0],"ix":1},"s":{"a":0,"k":[100,100],"ix":3},"r":{"a":0,"k":0,"ix":6},"o":{"a":0,"k":100,"ix":7},"sk":{"a":0,"k":0,"ix":4},"sa":{"a":0,"k":0,"ix":5},"nm":"Transform"}],"nm":"Shape 1","np":3,"cix":2,"bm":0,"ix":1,"mn":"ADBE Vector Group","hd":false},{"ty":"tm","s":{"a":1,"k":[{"i":{"x":[0],"y":[1]},"o":{"x":[0.333],"y":[0]},"t":31,"s":[0],"e":[100]},{"t":41}],"ix":1},"e":{"a":1,"k":[{"i":{"x":[0.667],"y":[1]},"o":{"x":[0.333],"y":[0]},"t":31,"s":[0],"e":[100]},{"t":45}],"ix":2},"o":{"a":0,"k":0,"ix":3},"m":1,"ix":2,"nm":"Trim Paths 1","mn":"ADBE Vector Filter - Trim","hd":false}],"ip":31,"op":46,"st":31,"bm":0},{"ddd":0,"ind":7,"ty":4,"nm":"Shape Layer 2","sr":1,"ks":{"o":{"a":0,"k":100,"ix":11},"r":{"a":0,"k":90,"ix":10},"p":{"a":0,"k":[256,256,0],"ix":2},"a":{"a":0,"k":[-59.497,154.7,0],"ix":1},"s":{"a":0,"k":[100,100,100],"ix":6}},"ao":0,"shapes":[{"ty":"gr","it":[{"ind":0,"ty":"sh","ix":1,"ks":{"a":0,"k":{"i":[[0,0],[0,0]],"o":[[0,0],[0,0]],"v":[[-2,162],[73,162]],"c":false},"ix":2},"nm":"Path 1","mn":"ADBE Vector Shape - Group","hd":false},{"ty":"st","c":{"a":0,"k":[0.188235294118,0.603921568627,0.603921568627,1],"ix":3},"o":{"a":0,"k":100,"ix":4},"w":{"a":0,"k":11,"ix":5},"lc":2,"lj":1,"ml":4,"bm":0,"nm":"Stroke 1","mn":"ADBE Vector Graphic - Stroke","hd":false},{"ty":"tr","p":{"a":0,"k":[0,0],"ix":2},"a":{"a":0,"k":[0,0],"ix":1},"s":{"a":0,"k":[100,100],"ix":3},"r":{"a":0,"k":0,"ix":6},"o":{"a":0,"k":100,"ix":7},"sk":{"a":0,"k":0,"ix":4},"sa":{"a":0,"k":0,"ix":5},"nm":"Transform"}],"nm":"Shape 1","np":3,"cix":2,"bm":0,"ix":1,"mn":"ADBE Vector Group","hd":false},{"ty":"tm","s":{"a":1,"k":[{"i":{"x":[0],"y":[1]},"o":{"x":[0.333],"y":[0]},"t":31,"s":[0],"e":[100]},{"t":41}],"ix":1},"e":{"a":1,"k":[{"i":{"x":[0.667],"y":[1]},"o":{"x":[0.333],"y":[0]},"t":31,"s":[0],"e":[100]},{"t":45}],"ix":2},"o":{"a":0,"k":0,"ix":3},"m":1,"ix":2,"nm":"Trim Paths 1","mn":"ADBE Vector Filter - Trim","hd":false}],"ip":31,"op":46,"st":31,"bm":0},{"ddd":0,"ind":8,"ty":4,"nm":"Shape Layer 1","sr":1,"ks":{"o":{"a":0,"k":100,"ix":11},"r":{"a":0,"k":45,"ix":10},"p":{"a":0,"k":[256,256,0],"ix":2},"a":{"a":0,"k":[-59.497,154.7,0],"ix":1},"s":{"a":0,"k":[100,100,100],"ix":6}},"ao":0,"shapes":[{"ty":"gr","it":[{"ind":0,"ty":"sh","ix":1,"ks":{"a":0,"k":{"i":[[0,0],[0,0]],"o":[[0,0],[0,0]],"v":[[-2,162],[73,162]],"c":false},"ix":2},"nm":"Path 1","mn":"ADBE Vector Shape - Group","hd":false},{"ty":"st","c":{"a":0,"k":[0.188235294118,0.603921568627,0.603921568627,1],"ix":3},"o":{"a":0,"k":100,"ix":4},"w":{"a":0,"k":11,"ix":5},"lc":2,"lj":1,"ml":4,"bm":0,"nm":"Stroke 1","mn":"ADBE Vector Graphic - Stroke","hd":false},{"ty":"tr","p":{"a":0,"k":[0,0],"ix":2},"a":{"a":0,"k":[0,0],"ix":1},"s":{"a":0,"k":[100,100],"ix":3},"r":{"a":0,"k":0,"ix":6},"o":{"a":0,"k":100,"ix":7},"sk":{"a":0,"k":0,"ix":4},"sa":{"a":0,"k":0,"ix":5},"nm":"Transform"}],"nm":"Shape 1","np":3,"cix":2,"bm":0,"ix":1,"mn":"ADBE Vector Group","hd":false},{"ty":"tm","s":{"a":1,"k":[{"i":{"x":[0],"y":[1]},"o":{"x":[0.333],"y":[0]},"t":31,"s":[0],"e":[100]},{"t":41}],"ix":1},"e":{"a":1,"k":[{"i":{"x":[0.667],"y":[1]},"o":{"x":[0.333],"y":[0]},"t":31,"s":[0],"e":[100]},{"t":45}],"ix":2},"o":{"a":0,"k":0,"ix":3},"m":1,"ix":2,"nm":"Trim Paths 1","mn":"ADBE Vector Filter - Trim","hd":false}],"ip":31,"op":46,"st":31,"bm":0},{"ddd":0,"ind":9,"ty":4,"nm":"marked_logo Outlines 4","sr":1,"ks":{"o":{"a":1,"k":[{"i":{"x":[0],"y":[1.128]},"o":{"x":[0.333],"y":[0]},"t":27,"s":[100],"e":[0]},{"t":31}],"ix":11},"r":{"a":0,"k":0,"ix":10},"p":{"a":0,"k":[255.956,256.219,0],"ix":2},"a":{"a":0,"k":[256,256,0],"ix":1},"s":{"a":0,"k":[51.353,51.353,100],"ix":6}},"ao":0,"hasMask":true,"masksProperties":[{"inv":false,"mode":"a","pt":{"a":1,"k":[{"i":{"x":0.667,"y":1},"o":{"x":0.333,"y":0},"t":0,"s":[{"i":[[0,0],[0,0],[-5,0],[0,0],[0,0],[0,0],[0,0],[0,0],[0,0],[0,0]],"o":[[0,0],[0,0],[5,0],[0,0],[0,0],[0,0],[0,0],[0,0],[0,0],[0,0]],"v":[[275,230],[288,231],[322,198],[320,190],[313.688,195.611],[310.022,198.869],[308.655,200.085],[306.409,202.081],[305.002,203.332],[302.909,205.192]],"c":true}],"e":[{"i":[[0,0],[0,0],[-5,0],[0,0],[0,0],[0,0],[0,0],[0,0],[0,0],[0,0]],"o":[[0,0],[0,0],[5,0],[0,0],[0,0],[0,0],[0,0],[0,0],[0,0],[0,0]],"v":[[172.858,138.8],[261.9,254.9],[338.1,225],[258.458,104.4],[246.451,109.225],[239.478,112.027],[236.877,113.073],[232.606,114.789],[229.928,115.865],[225.948,117.465]],"c":true}]},{"i":{"x":0.667,"y":1},"o":{"x":0.333,"y":0},"t":3,"s":[{"i":[[0,0],[0,0],[-5,0],[0,0],[0,0],[0,0],[0,0],[0,0],[0,0],[0,0]],"o":[[0,0],[0,0],[5,0],[0,0],[0,0],[0,0],[0,0],[0,0],[0,0],[0,0]],"v":[[172.858,138.8],[261.9,254.9],[338.1,225],[258.458,104.4],[246.451,109.225],[239.478,112.027],[236.877,113.073],[232.606,114.789],[229.928,115.865],[225.948,117.465]],"c":true}],"e":[{"i":[[0,0],[0,0],[-5,0],[0,0],[0,0],[0,0],[0,0],[0,0],[0,0],[0,0]],"o":[[0,0],[0,0],[5,0],[0,0],[0,0],[0,0],[0,0],[0,0],[0,0],[0,0]],"v":[[165.032,133.756],[248.85,266.85],[346.15,238.5],[184.932,24.156],[182.141,39.529],[180.52,48.457],[179.915,51.788],[178.922,57.256],[178.3,60.684],[177.375,65.781]],"c":true}]},{"i":{"x":0.667,"y":1},"o":{"x":0.333,"y":0},"t":4,"s":[{"i":[[0,0],[0,0],[-5,0],[0,0],[0,0],[0,0],[0,0],[0,0],[0,0],[0,0]],"o":[[0,0],[0,0],[5,0],[0,0],[0,0],[0,0],[0,0],[0,0],[0,0],[0,0]],"v":[[165.032,133.756],[248.85,266.85],[346.15,238.5],[184.932,24.156],[182.141,39.529],[180.52,48.457],[179.915,51.788],[178.922,57.256],[178.3,60.684],[177.375,65.781]],"c":true}],"e":[{"i":[[0,0],[0,0],[-5,0],[0,0],[0,0],[0,0],[0,0],[0,0],[0,0],[0,0]],"o":[[0,0],[0,0],[5,0],[0,0],[0,0],[0,0],[0,0],[0,0],[0,0],[0,0]],"v":[[116.207,179.711],[235.8,278.8],[354.2,252],[205.466,40.499],[65.445,84.285],[70.254,93.326],[72.049,96.7],[74.995,102.238],[76.841,105.71],[79.587,110.871]],"c":true}]},{"i":{"x":0.667,"y":1},"o":{"x":0.333,"y":0},"t":5,"s":[{"i":[[0,0],[0,0],[-5,0],[0,0],[0,0],[0,0],[0,0],[0,0],[0,0],[0,0]],"o":[[0,0],[0,0],[5,0],[0,0],[0,0],[0,0],[0,0],[0,0],[0,0],[0,0]],"v":[[116.207,179.711],[235.8,278.8],[354.2,252],[205.466,40.499],[65.445,84.285],[70.254,93.326],[72.049,96.7],[74.995,102.238],[76.841,105.71],[79.587,110.871]],"c":true}],"e":[{"i":[[0,0],[0,0],[-5,0],[0,0],[0,0],[0,0],[0,0],[0,0],[0,0],[0,0]],"o":[[0,0],[0,0],[5,0],[0,0],[0,0],[0,0],[0,0],[0,0],[0,0],[0,0]],"v":[[187.944,269.479],[222.75,290.75],[362.25,265.5],[222.812,41.968],[63.588,88.877],[22.03,316.77],[105.757,415.147],[111.24,405.429],[114.678,399.336],[119.788,390.279]],"c":true}]},{"i":{"x":0.667,"y":1},"o":{"x":0.333,"y":0},"t":8,"s":[{"i":[[0,0],[0,0],[-5,0],[0,0],[0,0],[0,0],[0,0],[0,0],[0,0],[0,0]],"o":[[0,0],[0,0],[5,0],[0,0],[0,0],[0,0],[0,0],[0,0],[0,0],[0,0]],"v":[[187.944,269.479],[222.75,290.75],[362.25,265.5],[222.812,41.968],[63.588,88.877],[22.03,316.77],[105.757,415.147],[111.24,405.429],[114.678,399.336],[119.788,390.279]],"c":true}],"e":[{"i":[[0,0],[0,0],[-5,0],[0,0],[0,0],[0,0],[0,0],[0,0],[0,0],[0,0]],"o":[[0,0],[0,0],[5,0],[0,0],[0,0],[0,0],[0,0],[0,0],[0,0],[0,0]],"v":[[257.945,346.479],[222.75,290.75],[362.25,265.5],[222.812,41.968],[63.588,88.877],[22.03,316.77],[175.757,492.147],[181.24,482.429],[184.678,476.336],[189.788,467.279]],"c":true}]},{"i":{"x":0.667,"y":1},"o":{"x":0.333,"y":0},"t":10,"s":[{"i":[[0,0],[0,0],[-5,0],[0,0],[0,0],[0,0],[0,0],[0,0],[0,0],[0,0]],"o":[[0,0],[0,0],[5,0],[0,0],[0,0],[0,0],[0,0],[0,0],[0,0],[0,0]],"v":[[257.945,346.479],[222.75,290.75],[362.25,265.5],[222.812,41.968],[63.588,88.877],[22.03,316.77],[175.757,492.147],[181.24,482.429],[184.678,476.336],[189.788,467.279]],"c":true}],"e":[{"i":[[0,0],[0,0],[-5,0],[0,0],[0,0],[0,0],[0,0],[0,0],[0,0],[0,0]],"o":[[0,0],[0,0],[5,0],[0,0],[0,0],[0,0],[0,0],[0,0],[0,0],[0,0]],"v":[[257.945,346.479],[222.75,290.749],[362.25,265.5],[222.812,41.968],[63.588,88.877],[22.03,316.77],[322.757,502.147],[318.433,491.762],[315.722,485.251],[311.693,475.572]],"c":true}]},{"i":{"x":0.667,"y":1},"o":{"x":0.333,"y":0},"t":12,"s":[{"i":[[0,0],[0,0],[-5,0],[0,0],[0,0],[0,0],[0,0],[0,0],[0,0],[0,0]],"o":[[0,0],[0,0],[5,0],[0,0],[0,0],[0,0],[0,0],[0,0],[0,0],[0,0]],"v":[[257.945,346.479],[222.75,290.749],[362.25,265.5],[222.812,41.968],[63.588,88.877],[22.03,316.77],[322.757,502.147],[318.433,491.762],[315.722,485.251],[311.693,475.572]],"c":true}],"e":[{"i":[[0,0],[0,0],[-5,0],[0,0],[0,0],[0,0],[0,0],[0,0],[0,0],[0,0]],"o":[[0,0],[0,0],[5,0],[0,0],[0,0],[0,0],[0,0],[0,0],[0,0],[0,0]],"v":[[301.945,309.479],[222.75,290.749],[362.25,265.5],[222.812,41.968],[63.588,88.877],[22.03,316.77],[322.757,502.147],[413.54,422.608],[408.539,417.538],[401.105,410.001]],"c":true}]},{"i":{"x":0.667,"y":1},"o":{"x":0.333,"y":0},"t":15,"s":[{"i":[[0,0],[0,0],[-5,0],[0,0],[0,0],[0,0],[0,0],[0,0],[0,0],[0,0]],"o":[[0,0],[0,0],[5,0],[0,0],[0,0],[0,0],[0,0],[0,0],[0,0],[0,0]],"v":[[301.945,309.479],[222.75,290.749],[362.25,265.5],[222.812,41.968],[63.588,88.877],[22.03,316.77],[322.757,502.147],[413.54,422.608],[408.539,417.538],[401.105,410.001]],"c":true}],"e":[{"i":[[0,0],[0,0],[-5,0],[0,0],[0,0],[0,0],[0,0],[0,0],[0,0],[0,0]],"o":[[0,0],[0,0],[5,0],[0,0],[0,0],[0,0],[0,0],[0,0],[0,0],[0,0]],"v":[[351.945,252.479],[222.751,290.749],[347.25,225.5],[222.812,41.968],[63.588,88.877],[22.03,316.77],[322.757,502.147],[453.54,370.608],[448.987,365.314],[442.219,357.444]],"c":true}]},{"i":{"x":0.667,"y":1},"o":{"x":0.333,"y":0},"t":17,"s":[{"i":[[0,0],[0,0],[-5,0],[0,0],[0,0],[0,0],[0,0],[0,0],[0,0],[0,0]],"o":[[0,0],[0,0],[5,0],[0,0],[0,0],[0,0],[0,0],[0,0],[0,0],[0,0]],"v":[[351.945,252.479],[222.751,290.749],[347.25,225.5],[222.812,41.968],[63.588,88.877],[22.03,316.77],[322.757,502.147],[453.54,370.608],[448.987,365.314],[442.219,357.444]],"c":true}],"e":[{"i":[[0,0],[0,0],[-5,0],[0,0],[0,0],[0,0],[0,0],[0,0],[0,0],[0,0]],"o":[[0,0],[0,0],[5,0],[0,0],[0,0],[0,0],[0,0],[0,0],[0,0],[0,0]],"v":[[388.945,210.479],[222.751,290.749],[347.25,225.5],[222.812,41.968],[63.588,88.877],[22.03,316.77],[322.757,502.147],[503.54,262.608],[498.405,260.272],[490.77,256.799]],"c":true}]},{"i":{"x":0.667,"y":1},"o":{"x":0.333,"y":0},"t":19,"s":[{"i":[[0,0],[0,0],[-5,0],[0,0],[0,0],[0,0],[0,0],[0,0],[0,0],[0,0]],"o":[[0,0],[0,0],[5,0],[0,0],[0,0],[0,0],[0,0],[0,0],[0,0],[0,0]],"v":[[388.945,210.479],[222.751,290.749],[347.25,225.5],[222.812,41.968],[63.588,88.877],[22.03,316.77],[322.757,502.147],[503.54,262.608],[498.405,260.272],[490.77,256.799]],"c":true}],"e":[{"i":[[0,0],[0,0],[-5,0],[0,0],[0,0],[0,0],[0,0],[0,0],[0,0],[0,0]],"o":[[0,0],[0,0],[5,0],[0,0],[0,0],[0,0],[0,0],[0,0],[0,0],[0,0]],"v":[[376.945,171.479],[222.751,290.749],[347.25,225.5],[222.812,41.968],[63.588,88.877],[22.03,316.77],[322.757,502.147],[505.54,165.608],[499.777,165.871],[491.21,166.262]],"c":true}]},{"i":{"x":0.667,"y":1},"o":{"x":0.333,"y":0},"t":22,"s":[{"i":[[0,0],[0,0],[-5,0],[0,0],[0,0],[0,0],[0,0],[0,0],[0,0],[0,0]],"o":[[0,0],[0,0],[5,0],[0,0],[0,0],[0,0],[0,0],[0,0],[0,0],[0,0]],"v":[[376.945,171.479],[222.751,290.749],[347.25,225.5],[222.812,41.968],[63.588,88.877],[22.03,316.77],[322.757,502.147],[505.54,165.608],[499.777,165.871],[491.21,166.262]],"c":true}],"e":[{"i":[[0,0],[0,0],[-5,0],[0,0],[0,0],[0,0],[0,0],[0,0],[0,0],[0,0]],"o":[[0,0],[0,0],[5,0],[0,0],[0,0],[0,0],[0,0],[0,0],[0,0],[0,0]],"v":[[379.945,153.479],[222.751,290.749],[347.25,225.5],[222.812,41.968],[63.588,88.877],[22.03,316.77],[322.757,502.147],[508.54,147.608],[430.108,43.358],[426.609,51.038]],"c":true}]},{"i":{"x":0.667,"y":1},"o":{"x":0.333,"y":0},"t":24,"s":[{"i":[[0,0],[0,0],[-5,0],[0,0],[0,0],[0,0],[0,0],[0,0],[0,0],[0,0]],"o":[[0,0],[0,0],[5,0],[0,0],[0,0],[0,0],[0,0],[0,0],[0,0],[0,0]],"v":[[379.945,153.479],[222.751,290.749],[347.25,225.5],[222.812,41.968],[63.588,88.877],[22.03,316.77],[322.757,502.147],[508.54,147.608],[430.108,43.358],[426.609,51.038]],"c":true}],"e":[{"i":[[0,0],[0,0],[-5,0],[0,0],[0,0],[0,0],[0,0],[0,0],[0,0],[0,0]],"o":[[0,0],[0,0],[5,0],[0,0],[0,0],[0,0],[0,0],[0,0],[0,0],[0,0]],"v":[[336.945,175.479],[222.751,290.749],[347.25,225.5],[222.812,41.968],[63.588,88.877],[22.03,316.77],[322.757,502.147],[508.54,147.608],[338.108,27.358],[248.861,106.715]],"c":true}]},{"t":27}],"ix":1},"o":{"a":0,"k":100,"ix":3},"x":{"a":0,"k":0,"ix":4},"nm":"Mask 1"}],"shapes":[{"ty":"gr","it":[{"ind":0,"ty":"sh","ix":1,"ks":{"a":0,"k":{"i":[[-3.43,0.093],[-20.126,-17.329],[-2.178,-2.177],[-18.793,-18.911],[2.205,-7.767],[7.83,-1.893],[5.51,5.454],[10.558,10.533],[9.549,8.801],[23.966,-7.935],[4.522,-24.852],[-15.896,-15.965],[-31.17,-31.159],[-15.269,-15.378],[-1.467,1.47],[-47.093,47.049],[36.823,21.726],[21.3,-19.458],[1.101,1.11],[9.025,8.882],[-1.115,1.049],[-19.927,3.675],[-11.582,-57.884],[26.352,-26.522],[52.214,-52.177],[0.489,-0.451],[7.945,7.94],[52.414,52.556],[3.294,22.247],[-27.254,25.95],[-23.839,2.385]],"o":[[26.482,0.32],[2.341,2.016],[18.859,18.844],[5.669,5.705],[-2.201,7.753],[-7.526,1.82],[-10.599,-10.49],[-9.201,-9.179],[-18.664,-17.204],[-23.894,7.912],[-4.038,22.192],[31.096,31.232],[15.326,15.321],[1.46,1.47],[47.036,-47.106],[29.388,-29.361],[-25.065,-14.788],[-1.097,1.002],[-8.911,-8.998],[-1.416,-1.393],[14.744,-13.866],[58.08,-10.712],[7.306,36.516],[-52.029,52.362],[-0.472,0.471],[-8.244,7.602],[-52.498,-52.473],[-15.867,-15.91],[-5.512,-37.24],[17.324,-16.494],[3.41,-0.341]],"v":[[-96.93,-168.75],[-26.945,-142.511],[-20.251,-136.146],[36.291,-79.577],[41.629,-59.121],[26.389,-44.466],[6.667,-50.071],[-25.013,-81.662],[-52.683,-109.127],[-117.303,-123.412],[-160.421,-73.514],[-141.973,-16.022],[-48.487,77.478],[-2.544,123.477],[1.128,123.483],[142.328,-17.741],[128.674,-118.513],[52.592,-110.513],[49.8,-110.51],[22.924,-137.359],[23.154,-140.458],[75.039,-167.152],[200.168,-83.024],[171.466,12.28],[14.878,168.867],[13.446,170.262],[-15.463,169.665],[-172.923,12.212],[-201.962,-45.176],[-169.309,-140.304],[-107.174,-168.247]],"c":true},"ix":2},"nm":"Path 1","mn":"ADBE Vector Shape - Group","hd":false},{"ty":"fl","c":{"a":0,"k":[0.187999994615,0.603999956916,0.603999956916,1],"ix":4},"o":{"a":0,"k":100,"ix":5},"r":1,"bm":0,"nm":"Fill 1","mn":"ADBE Vector Graphic - Fill","hd":false},{"ty":"tr","p":{"a":0,"k":[256.495,252.173],"ix":2},"a":{"a":0,"k":[0,0],"ix":1},"s":{"a":0,"k":[100,100],"ix":3},"r":{"a":0,"k":0,"ix":6},"o":{"a":0,"k":100,"ix":7},"sk":{"a":0,"k":0,"ix":4},"sa":{"a":0,"k":0,"ix":5},"nm":"Transform"}],"nm":"Group 1","np":2,"cix":2,"bm":0,"ix":1,"mn":"ADBE Vector Group","hd":false}],"ip":0,"op":31,"st":0,"bm":0}],"markers":[]}