{"assets":[],"layers":[{"ddd":0,"ind":0,"ty":4,"nm":"line4","ks":{"o":{"k":100},"r":{"k":-180},"p":{"k":[96.75,100.25,0]},"a":{"k":[30,-31.5,0]},"s":{"k":[100,100,100]}},"ao":0,"shapes":[{"ty":"gr","it":[{"ind":0,"ty":"sh","ks":{"k":{"i":[[0,0],[0,0]],"o":[[0,0],[0,0]],"v":[[30,-31.5],[38.75,-21.5]],"c":false}},"nm":"Path 1"},{"ty":"st","fillEnabled":true,"c":{"k":[0.58,0.38,0.9,1]},"o":{"k":100},"w":{"k":3},"lc":2,"lj":1,"ml":4,"nm":"Stroke 1"},{"ty":"tr","p":{"k":[0,0],"ix":2},"a":{"k":[0,0],"ix":1},"s":{"k":[100,100],"ix":3},"r":{"k":0,"ix":6},"o":{"k":100,"ix":7},"sk":{"k":0,"ix":4},"sa":{"k":0,"ix":5},"nm":"Transform"}],"nm":"Shape 1"},{"ty":"tm","s":{"k":[{"i":{"x":[0.25],"y":[1]},"o":{"x":[0.333],"y":[0]},"n":["0p25_1_0p333_0"],"t":8.75,"s":[0],"e":[100]},{"t":12.5}],"ix":1},"e":{"k":[{"i":{"x":[0.25],"y":[1]},"o":{"x":[0.333],"y":[0]},"n":["0p25_1_0p333_0"],"t":12.5,"s":[0],"e":[100]},{"t":16.25}],"ix":2},"o":{"k":0,"ix":3},"m":1,"ix":2,"nm":"Trim Paths 1"}],"ip":8,"op":31,"st":10,"bm":0,"sr":1},{"ddd":0,"ind":1,"ty":4,"nm":"line2","ks":{"o":{"k":100},"r":{"k":0},"p":{"k":[143.75,153.25,0]},"a":{"k":[30,-31.5,0]},"s":{"k":[100,100,100]}},"ao":0,"shapes":[{"ty":"gr","it":[{"ind":0,"ty":"sh","ks":{"k":{"i":[[0,0],[0,0]],"o":[[0,0],[0,0]],"v":[[30,-31.5],[38.75,-21.5]],"c":false}},"nm":"Path 1"},{"ty":"st","fillEnabled":true,"c":{"k":[0.99,0.13,0.31,1]},"o":{"k":100},"w":{"k":3},"lc":2,"lj":1,"ml":4,"nm":"Stroke 1"},{"ty":"tr","p":{"k":[0,0],"ix":2},"a":{"k":[0,0],"ix":1},"s":{"k":[100,100],"ix":3},"r":{"k":0,"ix":6},"o":{"k":100,"ix":7},"sk":{"k":0,"ix":4},"sa":{"k":0,"ix":5},"nm":"Transform"}],"nm":"Shape 1"},{"ty":"tm","s":{"k":[{"i":{"x":[0.25],"y":[1]},"o":{"x":[0.333],"y":[0]},"n":["0p25_1_0p333_0"],"t":9.5,"s":[0],"e":[100]},{"t":13.25}],"ix":1},"e":{"k":[{"i":{"x":[0.25],"y":[1]},"o":{"x":[0.333],"y":[0]},"n":["0p25_1_0p333_0"],"t":13.25,"s":[0],"e":[100]},{"t":17}],"ix":2},"o":{"k":0,"ix":3},"m":1,"ix":2,"nm":"Trim Paths 1"}],"ip":9,"op":31,"st":11,"bm":0,"sr":1},{"ddd":0,"ind":2,"ty":4,"nm":"line3","ks":{"o":{"k":100},"r":{"k":-180},"p":{"k":[129,114,0]},"a":{"k":[0,0,0]},"s":{"k":[100,100,100]}},"ao":0,"shapes":[{"ty":"gr","it":[{"ind":0,"ty":"sh","ks":{"k":{"i":[[0,0],[0,0]],"o":[[0,0],[0,0]],"v":[[30,-31.5],[39.25,-40.75]],"c":false}},"nm":"Path 1"},{"ty":"st","fillEnabled":true,"c":{"k":[0.07,0.41,0.98,1]},"o":{"k":100},"w":{"k":3},"lc":2,"lj":1,"ml":4,"nm":"Stroke 1"},{"ty":"tr","p":{"k":[0,0],"ix":2},"a":{"k":[0,0],"ix":1},"s":{"k":[100,100],"ix":3},"r":{"k":0,"ix":6},"o":{"k":100,"ix":7},"sk":{"k":0,"ix":4},"sa":{"k":0,"ix":5},"nm":"Transform"}],"nm":"Shape 1"},{"ty":"tm","s":{"k":[{"i":{"x":[0.25],"y":[1]},"o":{"x":[0.333],"y":[0]},"n":["0p25_1_0p333_0"],"t":11.75,"s":[0],"e":[100]},{"t":15.5}],"ix":1},"e":{"k":[{"i":{"x":[0.25],"y":[1]},"o":{"x":[0.333],"y":[0]},"n":["0p25_1_0p333_0"],"t":15.5,"s":[0],"e":[100]},{"t":19.25}],"ix":2},"o":{"k":0,"ix":3},"m":1,"ix":2,"nm":"Trim Paths 1"}],"ip":11,"op":31,"st":14,"bm":0,"sr":1},{"ddd":0,"ind":3,"ty":4,"nm":"line1","ks":{"o":{"k":100},"r":{"k":0},"p":{"k":[125,125,0]},"a":{"k":[0,0,0]},"s":{"k":[100,100,100]}},"ao":0,"shapes":[{"ty":"gr","it":[{"ind":0,"ty":"sh","ks":{"k":{"i":[[0,0],[0,0]],"o":[[0,0],[0,0]],"v":[[30,-31.5],[42.5,-43.5]],"c":false}},"nm":"Path 1"},{"ty":"st","fillEnabled":true,"c":{"k":[0.13,0.82,0.48,1]},"o":{"k":100},"w":{"k":3},"lc":2,"lj":1,"ml":4,"nm":"Stroke 1"},{"ty":"tr","p":{"k":[0,0],"ix":2},"a":{"k":[0,0],"ix":1},"s":{"k":[100,100],"ix":3},"r":{"k":0,"ix":6},"o":{"k":100,"ix":7},"sk":{"k":0,"ix":4},"sa":{"k":0,"ix":5},"nm":"Transform"}],"nm":"Shape 1"},{"ty":"tm","s":{"k":[{"i":{"x":[0.25],"y":[1]},"o":{"x":[0.333],"y":[0]},"n":["0p25_1_0p333_0"],"t":11,"s":[0],"e":[100]},{"t":14.75}],"ix":1},"e":{"k":[{"i":{"x":[0.25],"y":[1]},"o":{"x":[0.333],"y":[0]},"n":["0p25_1_0p333_0"],"t":14.75,"s":[0],"e":[100]},{"t":18.5}],"ix":2},"o":{"k":0,"ix":3},"m":1,"ix":2,"nm":"Trim Paths 1"}],"ip":11,"op":31,"st":13,"bm":0,"sr":1},{"ddd":0,"ind":4,"ty":4,"nm":"Layer 3 Outlines","ks":{"o":{"k":[{"i":{"x":[0.667],"y":[1]},"o":{"x":[0.333],"y":[0]},"n":["0p667_1_0p333_0"],"t":50,"s":[100],"e":[0]},{"t":60}]},"r":{"k":0},"p":{"k":[124.75,123.375,0]},"a":{"k":[29.25,25.875,0]},"s":{"k":[{"i":{"x":[0.25,0.25,0.667],"y":[1.15,1.15,0.667]},"o":{"x":[0.333,0.333,0.333],"y":[0,0,0.333]},"n":["0p25_1p15_0p333_0","0p25_1p15_0p333_0","0p667_0p667_0p333_0p333"],"t":11,"s":[0,0,100],"e":[100,100,100]},{"t":18.5}]}},"ao":0,"shapes":[{"ty":"gr","it":[{"ind":0,"ty":"sh","ks":{"k":{"i":[[0,0],[0,0],[0,0]],"o":[[0,0],[0,0],[0,0]],"v":[[-11.75,1.75],[-4.875,8.375],[11.75,-8.375]],"c":false}},"nm":"Path 1"},{"ty":"st","fillEnabled":true,"c":{"k":[1,1,1,1]},"o":{"k":100},"w":{"k":7},"lc":1,"lj":1,"ml":10,"nm":"Stroke 1"},{"ty":"tr","p":{"k":[29.25,25.875],"ix":2},"a":{"k":[0,0],"ix":1},"s":{"k":[100,100],"ix":3},"r":{"k":0,"ix":6},"o":{"k":100,"ix":7},"sk":{"k":0,"ix":4},"sa":{"k":0,"ix":5},"nm":"Transform"}],"nm":"Group 1"}],"ip":11,"op":31,"st":13,"bm":0,"sr":1},{"ddd":0,"ind":5,"ty":4,"nm":"Layer 4 Outlines 2","ks":{"o":{"k":[{"i":{"x":[0.667],"y":[1]},"o":{"x":[0.333],"y":[0]},"n":["0p667_1_0p333_0"],"t":50,"s":[100],"e":[0]},{"t":60}]},"r":{"k":0},"p":{"k":[125,125,0]},"a":{"k":[24.75,24.75,0]},"s":{"k":[{"i":{"x":[0.25,0.25,0.667],"y":[1.149,1.149,0.667]},"o":{"x":[0.333,0.333,0.333],"y":[0,0,0.333]},"n":["0p25_1p149_0p333_0","0p25_1p149_0p333_0","0p667_0p667_0p333_0p333"],"t":8,"s":[0,0,100],"e":[101,101,100]},{"t":15.5}]}},"ao":0,"shapes":[{"ty":"gr","it":[{"ind":0,"ty":"sh","ks":{"k":{"i":[[0,-13.531],[13.531,0],[0,13.531],[-13.531,0]],"o":[[0,13.531],[-13.531,0],[0,-13.531],[13.531,0]],"v":[[24.5,0],[0,24.5],[-24.5,0],[0,-24.5]],"c":true}},"nm":"Path 1"},{"ty":"fl","fillEnabled":true,"c":{"k":[0,0.83,0.47,1]},"o":{"k":100},"nm":"Fill 1"},{"ty":"tr","p":{"k":[24.75,24.75],"ix":2},"a":{"k":[0,0],"ix":1},"s":{"k":[100,100],"ix":3},"r":{"k":0,"ix":6},"o":{"k":100,"ix":7},"sk":{"k":0,"ix":4},"sa":{"k":0,"ix":5},"nm":"Transform"}],"nm":"Group 1"}],"ip":8,"op":31,"st":9,"bm":0,"sr":1},{"ddd":0,"ind":6,"ty":4,"nm":"Layer 4 Outlines","ks":{"o":{"k":[{"i":{"x":[0.667],"y":[1]},"o":{"x":[0.333],"y":[0]},"n":["0p667_1_0p333_0"],"t":50,"s":[100],"e":[0]},{"t":60}]},"r":{"k":0},"p":{"k":[125,125,0]},"a":{"k":[24.75,24.75,0]},"s":{"k":[{"i":{"x":[0.25,0.25,0.667],"y":[1.15,1.15,0.667]},"o":{"x":[0.333,0.333,0.333],"y":[0,0,0.333]},"n":["0p25_1p15_0p333_0","0p25_1p15_0p333_0","0p667_0p667_0p333_0p333"],"t":5,"s":[0,0,100],"e":[100,100,100]},{"t":12.5}]}},"ao":0,"shapes":[{"ty":"gr","it":[{"ind":0,"ty":"sh","ks":{"k":{"i":[[0,-13.531],[13.531,0],[0,13.531],[-13.531,0]],"o":[[0,13.531],[-13.531,0],[0,-13.531],[13.531,0]],"v":[[24.5,0],[0,24.5],[-24.5,0],[0,-24.5]],"c":true}},"nm":"Path 1"},{"ty":"fl","fillEnabled":true,"c":{"k":[0.95,0.95,0.95,1]},"o":{"k":100},"nm":"Fill 1"},{"ty":"tr","p":{"k":[24.75,24.75],"ix":2},"a":{"k":[0,0],"ix":1},"s":{"k":[100,100],"ix":3},"r":{"k":0,"ix":6},"o":{"k":100,"ix":7},"sk":{"k":0,"ix":4},"sa":{"k":0,"ix":5},"nm":"Transform"}],"nm":"Group 1"}],"ip":5,"op":31,"st":5,"bm":0,"sr":1},{"ddd":0,"ind":7,"ty":4,"nm":"Layer 5 Outlines","ks":{"o":{"k":100},"r":{"k":0},"p":{"k":[124.706,124.564,0]},"a":{"k":[19.206,17.064,0]},"s":{"k":[{"i":{"x":[0.25,0.25,0.667],"y":[1,1,0.667]},"o":{"x":[0.75,0.75,0.333],"y":[0,0,0.333]},"n":["0p25_1_0p75_0","0p25_1_0p75_0","0p667_0p667_0p333_0p333"],"t":5,"s":[100,100,100],"e":[0,0,100]},{"t":12.5}]}},"ao":0,"shapes":[{"ty":"gr","it":[{"ind":0,"ty":"sh","ks":{"k":{"i":[[0,0],[0,0],[0,0],[0,0],[0,0],[0,0]],"o":[[0,0],[0,0],[0,0],[0,0],[0,0],[0,0]],"v":[[-4.848,12.064],[-14.206,3.047],[-9.349,-1.994],[-4.957,2.239],[9.238,-12.064],[14.206,-7.132]],"c":true}},"nm":"Path 1"},{"ty":"st","fillEnabled":true,"c":{"k":[0.8,0.8,0.8,1]},"o":{"k":100},"w":{"k":2},"lc":1,"lj":1,"ml":10,"nm":"Stroke 1"},{"ty":"fl","fillEnabled":true,"c":{"k":[1,1,1,1]},"o":{"k":100},"nm":"Fill 1"},{"ty":"tr","p":{"k":[19.206,17.065],"ix":2},"a":{"k":[0,0],"ix":1},"s":{"k":[100,100],"ix":3},"r":{"k":0,"ix":6},"o":{"k":100,"ix":7},"sk":{"k":0,"ix":4},"sa":{"k":0,"ix":5},"nm":"Transform"}],"nm":"Group 1"}],"ip":0,"op":15,"st":-10,"bm":0,"sr":1},{"ddd":0,"ind":8,"ty":4,"nm":"Layer 7/Asset Outlines","ks":{"o":{"k":100},"r":{"k":0},"p":{"k":[125,125,0]},"a":{"k":[29.5,29.5,0]},"s":{"k":[{"i":{"x":[0.25,0.25,0.667],"y":[1,1,0.667]},"o":{"x":[0.75,0.75,0.333],"y":[0,0,0.333]},"n":["0p25_1_0p75_0","0p25_1_0p75_0","0p667_0p667_0p333_0p333"],"t":5,"s":[100,100,100],"e":[70,70,100]},{"t":12.5}]}},"ao":0,"shapes":[{"ty":"gr","it":[{"ind":0,"ty":"sh","ks":{"k":{"i":[[0,-13.531],[13.531,0],[0,13.531],[-13.531,0]],"o":[[0,13.531],[-13.531,0],[0,-13.531],[13.531,0]],"v":[[24.5,0],[0,24.5],[-24.5,0],[0,-24.5]],"c":true}},"nm":"Path 1"},{"ty":"st","fillEnabled":true,"c":{"k":[0.8,0.8,0.8,1]},"o":{"k":100},"w":{"k":2},"lc":1,"lj":1,"ml":10,"nm":"Stroke 1"},{"ty":"tr","p":{"k":[29.5,29.5],"ix":2},"a":{"k":[0,0],"ix":1},"s":{"k":[100,100],"ix":3},"r":{"k":0,"ix":6},"o":{"k":100,"ix":7},"sk":{"k":0,"ix":4},"sa":{"k":0,"ix":5},"nm":"Transform"}],"nm":"Group 1"}],"ip":0,"op":31,"st":-10,"bm":0,"sr":1},{"ddd":0,"ind":9,"ty":4,"nm":"circle4","ks":{"o":{"k":[{"i":{"x":[0.667],"y":[1]},"o":{"x":[0.333],"y":[0]},"n":["0p667_1_0p333_0"],"t":17.75,"s":[100],"e":[0]},{"t":21.5}]},"r":{"k":0},"p":{"k":[{"i":{"x":0,"y":1},"o":{"x":0.2,"y":0},"n":"0_1_0p2_0","t":10.25,"s":[128.499,103.999,0],"e":[128.499,86.999,0],"to":[0,-2.83333325386047,0],"ti":[0,2.83333325386047,0]},{"t":21.5}]},"a":{"k":[-20.001,45.999,0]},"s":{"k":[100,100,100]}},"ao":0,"shapes":[{"ty":"gr","it":[{"d":1,"ty":"el","s":{"k":[5,5]},"p":{"k":[0,0]},"nm":"Ellipse Path 1"},{"ty":"fl","fillEnabled":true,"c":{"k":[0.99,0.13,0.31,1]},"o":{"k":100},"nm":"Fill 1"},{"ty":"tr","p":{"k":[-20.001,45.999],"ix":2},"a":{"k":[0,0],"ix":1},"s":{"k":[100,100],"ix":3},"r":{"k":0,"ix":6},"o":{"k":100,"ix":7},"sk":{"k":0,"ix":4},"sa":{"k":0,"ix":5},"nm":"Transform"}],"nm":"Ellipse 1"}],"ip":10,"op":31,"st":12,"bm":0,"sr":1},{"ddd":0,"ind":10,"ty":4,"nm":"circle5","ks":{"o":{"k":[{"i":{"x":[0.667],"y":[1]},"o":{"x":[0.333],"y":[0]},"n":["0p667_1_0p333_0"],"t":17.75,"s":[100],"e":[0]},{"t":21.5}]},"r":{"k":0},"p":{"k":[{"i":{"x":0,"y":1},"o":{"x":0.2,"y":0},"n":"0_1_0p2_0","t":10.25,"s":[113.499,118.999,0],"e":[87.999,118.499,0],"to":[-4.25,-0.08333333581686,0],"ti":[4.25,0.08333333581686,0]},{"t":21.5}]},"a":{"k":[-20.001,45.999,0]},"s":{"k":[100,100,100]}},"ao":0,"shapes":[{"ty":"gr","it":[{"d":1,"ty":"el","s":{"k":[5,5]},"p":{"k":[0,0]},"nm":"Ellipse Path 1"},{"ty":"fl","fillEnabled":true,"c":{"k":[0.13,0.82,0.48,1]},"o":{"k":100},"nm":"Fill 1"},{"ty":"tr","p":{"k":[-20.001,45.999],"ix":2},"a":{"k":[0,0],"ix":1},"s":{"k":[100,100],"ix":3},"r":{"k":0,"ix":6},"o":{"k":100,"ix":7},"sk":{"k":0,"ix":4},"sa":{"k":0,"ix":5},"nm":"Transform"}],"nm":"Ellipse 1"}],"ip":9,"op":31,"st":12,"bm":0,"sr":1},{"ddd":0,"ind":11,"ty":4,"nm":"circle3","ks":{"o":{"k":[{"i":{"x":[0.667],"y":[1]},"o":{"x":[0.333],"y":[0]},"n":["0p667_1_0p333_0"],"t":19.25,"s":[100],"e":[0]},{"t":23}]},"r":{"k":0},"p":{"k":[{"i":{"x":0,"y":1},"o":{"x":0.2,"y":0},"n":"0_1_0p2_0","t":11.75,"s":[138.499,133.999,0],"e":[167.999,133.499,0],"to":[4.91666650772095,-0.08333333581686,0],"ti":[-4.91666650772095,0.08333333581686,0]},{"t":23}]},"a":{"k":[-20.001,45.999,0]},"s":{"k":[100,100,100]}},"ao":0,"shapes":[{"ty":"gr","it":[{"d":1,"ty":"el","s":{"k":[5,5]},"p":{"k":[0,0]},"nm":"Ellipse Path 1"},{"ty":"fl","fillEnabled":true,"c":{"k":[0.07,0.41,0.98,1]},"o":{"k":100},"nm":"Fill 1"},{"ty":"tr","p":{"k":[-20.001,45.999],"ix":2},"a":{"k":[0,0],"ix":1},"s":{"k":[100,100],"ix":3},"r":{"k":0,"ix":6},"o":{"k":100,"ix":7},"sk":{"k":0,"ix":4},"sa":{"k":0,"ix":5},"nm":"Transform"}],"nm":"Ellipse 1"}],"ip":11,"op":31,"st":14,"bm":0,"sr":1},{"ddd":0,"ind":12,"ty":4,"nm":"circle2","ks":{"o":{"k":[{"i":{"x":[0.667],"y":[1]},"o":{"x":[0.333],"y":[0]},"n":["0p667_1_0p333_0"],"t":17.75,"s":[100],"e":[0]},{"t":21.5}]},"r":{"k":0},"p":{"k":[{"i":{"x":0,"y":1},"o":{"x":0.2,"y":0},"n":"0_1_0p2_0","t":10.25,"s":[123.499,133.999,0],"e":[123.499,158.999,0],"to":[0,4.16666650772095,0],"ti":[0,-4.16666650772095,0]},{"t":21.5}]},"a":{"k":[-20.001,45.999,0]},"s":{"k":[100,100,100]}},"ao":0,"shapes":[{"ty":"gr","it":[{"d":1,"ty":"el","s":{"k":[3,3]},"p":{"k":[0,0]},"nm":"Ellipse Path 1"},{"ty":"fl","fillEnabled":true,"c":{"k":[0.58,0.38,0.9,1]},"o":{"k":100},"nm":"Fill 1"},{"ty":"tr","p":{"k":[-20.001,45.999],"ix":2},"a":{"k":[0,0],"ix":1},"s":{"k":[100,100],"ix":3},"r":{"k":0,"ix":6},"o":{"k":100,"ix":7},"sk":{"k":0,"ix":4},"sa":{"k":0,"ix":5},"nm":"Transform"}],"nm":"Ellipse 1"}],"ip":9,"op":31,"st":12,"bm":0,"sr":1},{"ddd":0,"ind":13,"ty":4,"nm":"circle1","ks":{"o":{"k":[{"i":{"x":[0.667],"y":[1]},"o":{"x":[0.333],"y":[0]},"n":["0p667_1_0p333_0"],"t":16.25,"s":[100],"e":[0]},{"t":20}]},"r":{"k":0},"p":{"k":[{"i":{"x":0,"y":1},"o":{"x":0.2,"y":0},"n":"0_1_0p2_0","t":8.75,"s":[113.499,138.999,0],"e":[113.499,163.999,0],"to":[0,4.16666650772095,0],"ti":[0,-4.16666650772095,0]},{"t":20}]},"a":{"k":[-20.001,45.999,0]},"s":{"k":[100,100,100]}},"ao":0,"shapes":[{"ty":"gr","it":[{"d":1,"ty":"el","s":{"k":[5,5]},"p":{"k":[0,0]},"nm":"Ellipse Path 1"},{"ty":"fl","fillEnabled":true,"c":{"k":[0.13,0.82,0.48,1]},"o":{"k":100},"nm":"Fill 1"},{"ty":"tr","p":{"k":[-20.001,45.999],"ix":2},"a":{"k":[0,0],"ix":1},"s":{"k":[100,100],"ix":3},"r":{"k":0,"ix":6},"o":{"k":100,"ix":7},"sk":{"k":0,"ix":4},"sa":{"k":0,"ix":5},"nm":"Transform"}],"nm":"Ellipse 1"}],"ip":8,"op":31,"st":10,"bm":0,"sr":1}],"v":"4.4.27","ddd":0,"ip":2,"op":25,"fr":25,"w":250,"h":250}